personal_number,first_name,last_name,phone_number,address
434307264011,Willow,Bentley,882-3214,"P.O. Box 964, 3786 Accumsan Ave"
12451590316,Warren,Murray,1-141-296-4729,2527 Egestas St.
104761372185,Clarke,Hampton,1-978-999-4747,442-3730 Mus. Av.
897310993626,May,Chase,1-652-885-9276,Ap#505-146 Tellus Road
848295755851,Dylan,Keller,473-1702,2100 Vestibulum St.
607834479368,Wynter,Moore,1-596-363-1635,9060 Convallis Ave
30975937309,Kato,Sexton,1-572-326-6574,7230 Vitae Street
342554732711,Ryder,Burt,1-257-877-8516,394-2784 Nec Street
574000731398,Yardley,Gill,674-8362,"P.O. Box 914, 2367 Lorem Ave"
991950663729,Yetta,Patrick,1-520-353-4836,"P.O. Box 506, 5088 Eget Avenue"
687947988012,Nina,Sellers,868-6985,8767 Molestie Rd.
38857722510,Hedda,Kane,1-382-604-6324,348-3798 Velit. Rd.
247279779639,Kelsie,Glover,1-582-473-5305,"Ap#427-8508 Nec, St."
439399236352,Dahlia,Munoz,591-7858,252-9136 Duis Ave
614374538306,Simone,Shepherd,1-842-211-6573,4934 Lectus. Road
900437162067,Reese,Conrad,1-615-736-8977,1090 Sem Ave
780027598290,Glenna,Davis,1-758-944-9883,Ap#406-4507 Aliquam St.
932589971259,Virginia,Kelley,1-311-457-0176,"P.O. Box 857, 4277 Nec Av."
699969555482,Colin,Reed,1-962-303-9127,Ap#497-4779 Sem Avenue
781582577385,Clarke,Wheeler,328-6305,"P.O. Box 546, 6217 Adipiscing Ave"
840335318052,Urielle,Phelps,733-3678,Ap#121-1788 Pellentesque Road
550327644067,Allen,Riddle,1-486-359-2126,"P.O. Box 582, 4261 Praesent Rd."
363128698424,Roary,Gallagher,1-712-801-2338,"883-1780 Vulputate, Avenue"
17998358713,Cameron,Robles,1-889-551-5782,9662 Malesuada Rd.
501467644961,Iliana,Curry,682-2866,"Ap#959-5859 Vitae, St."
114837201222,Geoffrey,Frederick,408-6153,Ap#192-8724 Fusce St.
123232481373,Silas,Parrish,1-483-934-0769,"Ap#259-7117 Non, Street"
770729970194,Graiden,Wright,621-2285,611-6845 Lacinia Rd.
215882642954,Amela,Hester,260-8435,910-5666 Pharetra. Ave
410776555621,Hedley,Bennett,1-825-511-9138,7436 A Ave
509751351889,Oprah,Mcgee,1-609-357-5172,152-6158 Arcu Avenue
370779246848,Vivien,Donaldson,952-6436,Ap#875-812 Volutpat Av.
669292501986,Malachi,Romero,1-321-150-4763,375-312 Ut Road
869604470775,Kenneth,Schultz,945-5416,"P.O. Box 979, 668 Facilisis Ave"
367625759339,Stephen,Levine,741-0016,"P.O. Box 224, 2815 Eu Av."
472760529495,Timothy,Foster,1-826-832-0884,9444 Eros. Avenue
90697945814,Hilary,Beach,1-642-194-2892,Ap#717-9900 Ornare Rd.
776363389429,Armando,Donaldson,1-872-777-7533,307-3256 Ac St.
913259512147,Nora,Gilmore,461-5924,Ap#226-6708 Ut Rd.
839911911894,Ian,May,1-441-382-9235,Ap#110-1687 Praesent Road
964547491152,Maisie,Lindsay,493-7451,Ap#639-5439 Viverra. Road
990701055275,Patrick,Bauer,1-551-211-8183,Ap#105-4051 Arcu St.
19407509010,Benjamin,Alexander,697-6752,352-5721 Dis Rd.
525985756415,Maggy,Slater,1-412-612-1777,286-8424 Orci St.
226374698192,Gavin,Poole,1-934-739-6614,"P.O. Box 658, 5209 Purus. Ave"
279581131440,Charity,Hatfield,760-8865,983-6219 Dictum. Av.
37763835680,Knox,Downs,1-822-748-1426,Ap#518-7440 Nulla Av.
943130900312,Aiko,Cantrell,587-8122,Ap#633-787 Magna Road
839766061003,Flynn,Stanton,1-142-957-0568,"464-7422 Imperdiet, Rd."
63875577835,Charissa,Hebert,1-792-824-5724,"P.O. Box 920, 3301 Nibh Street"
309486054219,Beck,O'connor,964-7770,4304 Ligula. Ave
637593369152,Ishmael,Harris,1-268-917-8889,Ap#318-4654 Posuere Av.
317479717919,Autumn,Schultz,1-299-795-6522,Ap#129-772 Tortor. Avenue
382321661402,Brenna,Wilkerson,342-3866,"P.O. Box 981, 8534 Sodales Rd."
372450100511,Nero,Hartman,1-633-621-4331,Ap#348-3162 Arcu Road
160726619304,Flavia,O'connor,659-9564,Ap#418-2847 Odio Street
343332275836,Amity,Sykes,462-2902,8362 Nunc. Rd.
96099493093,Xanthus,Hyde,215-4671,8872 Augue Rd.
289893717910,Quentin,Rosa,383-7549,Ap#171-1606 Integer Rd.
249691792265,Hadley,Potter,659-6054,4252 Senectus St.
795750558076,Kadeem,Wood,1-694-818-3398,8505 Rhoncus. Avenue
431753170815,Evelyn,Holcomb,332-1283,9555 Mollis Rd.
254106486157,Hillary,Humphrey,1-787-937-6203,Ap#615-2290 Massa St.
963552706979,Lucas,Jensen,346-7391,Ap#920-298 Augue Avenue
408165325297,Armand,Monroe,461-8358,Ap#806-777 Sociis St.
156166877554,Olivia,Boyer,313-7147,5504 Erat St.
541728579063,Jasper,Sampson,491-7565,192-1468 Rhoncus Street
740714574211,Chloe,Kennedy,1-488-605-0374,"P.O. Box 976, 8131 Nonummy Ave"
182375338928,Kiara,Oliver,1-189-611-9785,905-4937 Ac Street
289894639889,Lamar,Hudson,889-7459,8733 Diam Rd.
623861843107,Lars,Leon,637-3654,Ap#789-4535 Egestas. St.
675446982971,Lillith,Mcclure,472-6666,198-2527 Nisl Av.
650136083908,Kieran,House,582-9862,"P.O. Box 646, 8860 Ac, Rd."
689503677183,Danielle,Browning,125-6316,"P.O. Box 940, 4852 Lectus Street"
495546051626,Andrew,Cummings,460-4746,Ap#265-6116 Diam Rd.
980010620152,Kareem,Greene,1-760-513-1018,849-7469 Praesent Road
984677530160,Michael,Washington,1-755-791-6764,749-1031 Consequat Road
355654120472,Gary,Edwards,734-5881,"113-7555 Montes, Rd."
276618771844,Armand,Cantrell,1-482-265-8181,489-1014 Diam. St.
682749085685,Ulysses,Dale,974-0172,Ap#728-1926 Duis Ave
415168084120,Susan,Brown,1-559-848-7476,Ap#821-730 Ornare St.
706417759368,Akeem,Sims,823-4178,"P.O. Box 672, 5408 A St."
230458943695,Lana,Eaton,1-864-711-2481,963-687 Aliquet. St.
172188631018,Louis,Holman,1-248-228-3567,"Ap#933-4272 Eu, Rd."
806333646184,Lance,Spears,855-1001,9251 Leo. Road
178536559662,Kenneth,Garcia,1-751-258-4682,Ap#977-8304 Vestibulum Rd.
85887413127,Neve,Jackson,855-8385,Ap#722-7797 Sed Av.
115811048349,Kellie,Williams,1-447-355-8283,9559 Scelerisque Av.
397805266338,William,Burks,648-0963,Ap#191-6844 Enim. Road
796536783923,Silas,Whitney,791-4432,"P.O. Box 775, 3073 Lacus. St."
399346732749,Wing,Hampton,1-594-546-6534,"P.O. Box 380, 7193 Ligula Ave"
589283069894,Conan,Ramsey,164-1083,218-802 Malesuada Av.
463308125960,Hayden,Albert,1-822-302-2861,"P.O. Box 939, 8597 Neque. St."
709528561245,Randall,Harper,1-379-153-5675,355-9968 Consectetuer Rd.
599168204802,Laura,Thompson,1-537-584-1179,"P.O. Box 885, 7370 Suspendisse Ave"
802306546883,Madison,Goodwin,1-356-589-6536,441-8199 Natoque Ave
34518464890,Carly,Stevens,1-898-428-5521,389-292 Dui. Ave
50118500713,Todd,Landry,1-531-725-3977,"P.O. Box 810, 7521 Neque St."
972572208283,Jasper,Phillips,519-4092,Ap#373-8548 Duis Road
178850017743,Melanie,Russo,1-347-947-8305,Ap#180-1927 Nam St.
